token,symbol,name
17022,MAWANASUG-EQ,MAWANASUG
2412,PEL-EQ,PEL
12092,KAYNES-EQ,KAYNES
14764,071NSETEST-EQ,071NSETEST
19646,MAXESTATES-EQ,MAXESTATES
1338,SDBL-EQ,SDBL
14398,AMDIND-EQ,AMDIND
13276,LANDMARK-EQ,LANDMARK
2636,DIVOPPBEES-EQ,DIVOPPBEES
11932,FUSION-EQ,FUSION
1142,GINNIFILA-EQ,GINNIFILA
592,GRAPHITE-EQ,GRAPHITE
7030,ASIANENE-EQ,ASIANENE
2112,MARALOVER-EQ,MARALOVER
15136,KAUSHALYA-EQ,KAUSHALYA
13436,LOKESHMACH-EQ,LOKESHMACH
19410,ROSSARI-EQ,ROSSARI
19235,IMFA-EQ,IMFA
22423,TOTAL-EQ,TOTAL
7053,ACCELYA-EQ,ACCELYA
17927,BAYERCROP-EQ,BAYERCROP
22730,VSTL-EQ,VSTL
13702,VISHWARAJ-EQ,VISHWARAJ
6353,NIFTYETF-EQ,NIFTYETF
8944,RITCO-EQ,RITCO
708,SHRADHA-EQ,SHRADHA
527,UTIAMC-EQ,UTIAMC
2106,MANGLMCEM-EQ,MANGLMCEM
19679,GOLDIETF-EQ,GOLDIETF
9436,AXISCADES-EQ,AXISCADES
18581,KIRLOSBROS-EQ,KIRLOSBROS
15308,SEPC-EQ,SEPC
11543,COFORGE-EQ,COFORGE
19877,RADIOCITY-EQ,RADIOCITY
10511,UTINIFTETF-EQ,UTINIFTETF
2841,LXCHEM-EQ,LXCHEM
11606,GUFICBIO-EQ,GUFICBIO
21808,SBILIFE-EQ,SBILIFE
10397,JISLJALEQS-EQ,JISLJALEQS
7886,MHLXMIRU-EQ,MHLXMIRU
11705,XCHANGING-EQ,XCHANGING
4822,DODLA-EQ,DODLA
21252,AXISNIFTY-EQ,AXISNIFTY
11065,NATHBIOGEN-EQ,NATHBIOGEN
20531,BAJEL-EQ,BAJEL
13496,PFOCUS-EQ,PFOCUS
1937,KREBSBIO-EQ,KREBSBIO
15179,ECLERX-EQ,ECLERX
3411,TATAELXSI-EQ,TATAELXSI
13139,EBBETF0433-EQ,EBBETF0433
21399,GANGESSECU-EQ,GANGESSECU
23043,RKSWAMY-EQ,RKSWAMY
14236,HDFCMID150-EQ,HDFCMID150
6297,HEALTHY-EQ,HEALTHY
14584,PSUBNKIETF-EQ,PSUBNKIETF
2406,NEULANDLAB-EQ,NEULANDLAB
1145,GIPCL-EQ,GIPCL
10417,DYCL-EQ,DYCL
17851,DLINKINDIA-EQ,DLINKINDIA
17685,GPTINFRA-EQ,GPTINFRA
7229,HCLTECH-EQ,HCLTECH
14459,LEXUS-EQ,LEXUS
14747,011NSETEST-EQ,011NSETEST
6606,EQUAL50ADD-EQ,EQUAL50ADD
3908,PREMIERPOL-EQ,PREMIERPOL
8953,ELDEHSG-EQ,ELDEHSG
676,EXIDEIND-EQ,EXIDEIND
18359,SANDUMA-EQ,SANDUMA
7862,GEPIL-EQ,GEPIL
20080,EROSMEDIA-EQ,EROSMEDIA
14003,ZEEMEDIA-EQ,ZEEMEDIA
18967,KAPSTON-EQ,KAPSTON
4067,MARICO-EQ,MARICO
11868,63MOONS-EQ,63MOONS
11236,JSL-EQ,JSL
928,ELECTCAST-EQ,ELECTCAST
14627,HILTON-EQ,HILTON
15228,UJJIVANSFB-EQ,UJJIVANSFB
25017,BODALCHEM-EQ,BODALCHEM
30392,NIF100IETF-EQ,NIF100IETF
13816,LTFOODS-EQ,LTFOODS
3857,VARROC-EQ,VARROC
11979,HTMEDIA-EQ,HTMEDIA
13082,KOTAKSILVE-EQ,KOTAKSILVE
4279,DENORA-EQ,DENORA
1547,RKEC-EQ,RKEC
3787,WIPRO-EQ,WIPRO
637,CHAMBLFERT-EQ,CHAMBLFERT
7679,MONARCH-EQ,MONARCH
17971,SBICARD-EQ,SBICARD
1085,GABRIEL-EQ,GABRIEL
11471,EXCELINDUS-EQ,EXCELINDUS
6051,CYBERTECH-EQ,CYBERTECH
11582,TRACXN-EQ,TRACXN
13111,ORIENTCER-EQ,ORIENTCER
6216,CAMLINFINE-EQ,CAMLINFINE
6545,NYKAA-EQ,NYKAA
3345,SUNDRMFAST-EQ,SUNDRMFAST
9309,STLTECH-EQ,STLTECH
3724,VSTIND-EQ,VSTIND
8054,KTKBANK-EQ,KTKBANK
13270,JKCEMENT-EQ,JKCEMENT
10822,MOQUALITY-EQ,MOQUALITY
17186,SHRIPISTON-EQ,SHRIPISTON
715,HEUBACHIND-EQ,HEUBACHIND
21469,OPTIEMUS-EQ,OPTIEMUS
21551,SMSLIFE-EQ,SMSLIFE
11287,UPL-EQ,UPL
17071,URAVI-EQ,URAVI
10590,LOYALTEX-EQ,LOYALTEX
13786,TORNTPOWER-EQ,TORNTPOWER
28906,MAYURUNIQ-EQ,MAYURUNIQ
14917,TAKE-EQ,TAKE
14418,ASTRAL-EQ,ASTRAL
1835,KANORICHEM-EQ,KANORICHEM
2514,OSWALAGRO-EQ,OSWALAGRO
5851,BANKNIFTY1-EQ,BANKNIFTY1
8736,PNBGILTS-EQ,PNBGILTS
8827,AVROIND-EQ,AVROIND
20453,APCL-EQ,APCL
9480,LICI-EQ,LICI
18743,SIGNATURE-EQ,SIGNATURE
17029,PATANJALI-EQ,PATANJALI
7358,DATAPATTNS-EQ,DATAPATTNS
20242,OBEROIRLTY-EQ,OBEROIRLTY
24532,FILATEX-EQ,FILATEX
14745,ADVANIHOTR-EQ,ADVANIHOTR
23804,BSLGOLDETF-EQ,BSLGOLDETF
11935,SPLIL-EQ,SPLIL
13538,TECHM-EQ,TECHM
940,PGHL-EQ,PGHL
11581,GULFPETRO-EQ,GULFPETRO
4235,WENDT-EQ,WENDT
11956,MEDANTA-EQ,MEDANTA
15141,COLPAL-EQ,COLPAL
6407,LAMBODHARA-EQ,LAMBODHARA
17279,BLS-EQ,BLS
19372,SPCENET-EQ,SPCENET
9553,PRUDENT-EQ,PRUDENT
4221,VISAKAIND-EQ,VISAKAIND
2256,PENINLAND-EQ,PENINLAND
16683,DIGISPICE-EQ,DIGISPICE
21951,HFCL-EQ,HFCL
14894,CENTRALBK-EQ,CENTRALBK
5549,ABMINTLLTD-EQ,ABMINTLLTD
2049,CHENNPETRO-EQ,CHENNPETRO
20532,AXISGOLD-EQ,AXISGOLD
4014,NAVA-EQ,NAVA
11427,NDTV-EQ,NDTV
19496,SECMARK-EQ,SECMARK
19633,ITETF-EQ,ITETF
9342,PNC-EQ,PNC
20831,MUTHOOTMF-EQ,MUTHOOTMF
18214,TEXMOPIPES-EQ,TEXMOPIPES
16965,TATAMTRDVR-EQ,TATAMTRDVR
385,MAHLOG-EQ,MAHLOG
3987,GREENPLY-EQ,GREENPLY
805,DCM-EQ,DCM
3149,BORORENEW-EQ,BORORENEW
21423,MOM100-EQ,MOM100
199,MASFIN-EQ,MASFIN
12072,SCPL-EQ,SCPL
13560,GRINDWELL-EQ,GRINDWELL
4809,KCPSUGIND-EQ,KCPSUGIND
10693,MOMENTUM-EQ,MOMENTUM
11966,BIKAJI-EQ,BIKAJI
7456,MIDQ50ADD-EQ,MIDQ50ADD
10893,DBOL-EQ,DBOL
22440,UTIBANKETF-EQ,UTIBANKETF
1927,LIQUIDETF-EQ,LIQUIDETF
20224,JWL-EQ,JWL
18102,NIFTY1-EQ,NIFTY1
20560,DOLLAR-EQ,DOLLAR
1250,CASTROLIND-EQ,CASTROLIND
7851,RAMCOSYS-EQ,RAMCOSYS
18244,DEEPENR-EQ,DEEPENR
11689,SUPRAJIT-EQ,SUPRAJIT
5204,GMDCLTD-EQ,GMDCLTD
20905,AZAD-EQ,AZAD
2866,RCF-EQ,RCF
3247,NITIRAJ-EQ,NITIRAJ
6364,NATIONALUM-EQ,NATIONALUM
14309,INDIANB-EQ,INDIANB
1530,INDIANHUME-EQ,INDIANHUME
3220,LODHA-EQ,LODHA
3499,TATASTEEL-EQ,TATASTEEL
1403,HINDOILEXP-EQ,HINDOILEXP
3812,ZEEL-EQ,ZEEL
128,ROUTE-EQ,ROUTE
16589,VAISHALI-EQ,VAISHALI
11239,NSIL-EQ,NSIL
19223,TCIEXP-EQ,TCIEXP
10661,PONNIERODE-EQ,PONNIERODE
15058,AVALON-EQ,AVALON
21704,DCAL-EQ,DCAL
18391,RBLBANK-EQ,RBLBANK
17752,SHILPAMED-EQ,SHILPAMED
13791,PARSVNATH-EQ,PARSVNATH
6040,EIFFL-EQ,EIFFL
11060,KSOLVES-EQ,KSOLVES
166,ANDHRAPAP-EQ,ANDHRAPAP
21383,PALASHSECU-EQ,PALASHSECU
24190,SYMPHONY-EQ,SYMPHONY
15234,AMBIKCO-EQ,AMBIKCO
4749,CONCOR-EQ,CONCOR
6125,GOODLUCK-EQ,GOODLUCK
13086,AIAENG-EQ,AIAENG
15332,NMDC-EQ,NMDC
17475,NV20IETF-EQ,NV20IETF
7254,MEDPLUS-EQ,MEDPLUS
10515,UTISENSETF-EQ,UTISENSETF
19705,LIQUIDSBI-EQ,LIQUIDSBI
2183,SUNDARMHLD-EQ,SUNDARMHLD
5366,WINDLAS-EQ,WINDLAS
16696,GHCLTEXTIL-EQ,GHCLTEXTIL
3432,TATACONSUM-EQ,TATACONSUM
4041,JAYAGROGN-EQ,JAYAGROGN
4184,SANGAMIND-EQ,SANGAMIND
19943,DEEPAKNTR-EQ,DEEPAKNTR
18220,KECL-EQ,KECL
4529,NEXT50IETF-EQ,NEXT50IETF
9641,KHANDSE-EQ,KHANDSE
3757,VENKEYS-EQ,VENKEYS
8882,TNIDETF-EQ,TNIDETF
13987,ABSLBANETF-EQ,ABSLBANETF
5049,CLEAN-EQ,CLEAN
11072,AGRITECH-EQ,AGRITECH
19237,MONIFTY500-EQ,MONIFTY500
15184,BRIGADE-EQ,BRIGADE
18908,PNBHOUSING-EQ,PNBHOUSING
11571,PPLPHARMA-EQ,PPLPHARMA
13900,CREST-EQ,CREST
11655,JBMA-EQ,JBMA
17333,MHRIL-EQ,MHRIL
7880,AUTOBEES-EQ,AUTOBEES
13441,BALPHARMA-EQ,BALPHARMA
19073,AARVI-EQ,AARVI
12847,KRISHANA-EQ,KRISHANA
29733,NIBL-EQ,NIBL
1412,AGI-EQ,AGI
3676,VESUVIUS-EQ,VESUVIUS
20556,INDIASHLTR-EQ,INDIASHLTR
2188,GENCON-EQ,GENCON
8654,MOLOWVOL-EQ,MOLOWVOL
18154,HATHWAY-EQ,HATHWAY
18659,MARATHON-EQ,MARATHON
3048,SCI-EQ,SCI
7325,DCMSRIND-EQ,DCMSRIND
3024,JINDALSAW-EQ,JINDALSAW
40,AEGISCHEM-EQ,AEGISCHEM
15204,ARIES-EQ,ARIES
399,NIACL-EQ,NIACL
6262,SELMC-EQ,SELMC
17313,LLOYDSME-EQ,LLOYDSME
10633,HDFCNIF100-EQ,HDFCNIF100
14742,AXSENSEX-EQ,AXSENSEX
19401,BOROLTD-EQ,BOROLTD
14657,INSECTICID-EQ,INSECTICID
5020,SVPGLOB-EQ,SVPGLOB
24969,WINDMACHIN-EQ,WINDMACHIN
10297,PPL-EQ,PPL
1923,WEALTH-EQ,WEALTH
330,VALIANTORG-EQ,VALIANTORG
19184,SFL-EQ,SFL
2454,CENTRUM-EQ,CENTRUM
14014,LUMAXTECH-EQ,LUMAXTECH
25,ADANIENT-EQ,ADANIENT
7936,AVANTIFEED-EQ,AVANTIFEED
16827,KOKUYOCMLN-EQ,KOKUYOCMLN
201,UNIDT-EQ,UNIDT
24595,RUSHIL-EQ,RUSHIL
14319,TFL-EQ,TFL
2289,HLEGLAS-EQ,HLEGLAS
6836,FOCUS-EQ,FOCUS
14278,ORIENTBELL-EQ,ORIENTBELL
14233,HDFCSML250-EQ,HDFCSML250
7672,IMAGICAA-EQ,IMAGICAA
13342,VAKRANGEE-EQ,VAKRANGEE
24184,PIIND-EQ,PIIND
13359,KFINTECH-EQ,KFINTECH
10508,MOHEALTH-EQ,MOHEALTH
18479,ISFT-EQ,ISFT
21705,MEDIASSIST-EQ,MEDIASSIST
1663,ATFL-EQ,ATFL
2987,NAZARA-EQ,NAZARA
11961,SEMAC-EQ,SEMAC
13557,AVONMORE-EQ,AVONMORE
13870,KUANTUM-EQ,KUANTUM
4594,KOTHARIPET-EQ,KOTHARIPET
6579,FINOPB-EQ,FINOPB
22344,ALPL30IETF-EQ,ALPL30IETF
1200,ESG-EQ,ESG
15391,RACE-EQ,RACE
9652,RELCHEMQ-EQ,RELCHEMQ
18962,RAJRATAN-EQ,RAJRATAN
8510,GATEWAY-EQ,GATEWAY
11778,GOKEX-EQ,GOKEX
778,KEEPLEARN-EQ,KEEPLEARN
308,BAJAJHIND-EQ,BAJAJHIND
10876,HDFCSILVER-EQ,HDFCSILVER
11293,UNIENTER-EQ,UNIENTER
10557,NAVKARCORP-EQ,NAVKARCORP
6663,SIGACHI-EQ,SIGACHI
2854,CRAFTSMAN-EQ,CRAFTSMAN
21750,LIQUIDCASE-EQ,LIQUIDCASE
11626,WELENT-EQ,WELENT
1372,HINDCOMPOS-EQ,HINDCOMPOS
6711,IVC-EQ,IVC
14511,BANSWRAS-EQ,BANSWRAS
3799,WSTCSTPAPR-EQ,WSTCSTPAPR
7413,MANAKCOAT-EQ,MANAKCOAT
20776,BHAGYANGR-EQ,BHAGYANGR
10945,TMB-EQ,TMB
16863,LPDC-EQ,LPDC
14889,ASIANTILES-EQ,ASIANTILES
3466,TFCILTD-EQ,TFCILTD
1597,INGERRAND-EQ,INGERRAND
2717,PRECWIRE-EQ,PRECWIRE
3834,BHARATRAS-EQ,BHARATRAS
7451,NIFTY50ADD-EQ,NIFTY50ADD
3579,UNICHEMLAB-EQ,UNICHEMLAB
3009,KOHINOOR-EQ,KOHINOOR
14260,PGIL-EQ,PGIL
14194,NINSYS-EQ,NINSYS
17433,NETWEB-EQ,NETWEB
13675,NRL-EQ,NRL
14781,141NSETEST-EQ,141NSETEST
4160,NORBTEAEXP-EQ,NORBTEAEXP
15362,VGUARD-EQ,VGUARD
25724,RUPA-EQ,RUPA
5528,KOTHARIPRO-EQ,KOTHARIPRO
11195,INDIGO-EQ,INDIGO
11441,LICNETFSEN-EQ,LICNETFSEN
1508,ASTERDM-EQ,ASTERDM
6961,MENONBE-EQ,MENONBE
1038,FINCABLES-EQ,FINCABLES
13116,QUICKHEAL-EQ,QUICKHEAL
967,SUBEXLTD-EQ,SUBEXLTD
1515,INDIACEM-EQ,INDIACEM
13035,SAFARI-EQ,SAFARI
13303,IEL-EQ,IEL
21623,APEX-EQ,APEX
11149,SHRENIK-EQ,SHRENIK
5054,GRINFRA-EQ,GRINFRA
17395,SETF10GILT-EQ,SETF10GILT
7048,HESTERBIO-EQ,HESTERBIO
3481,THOMASCOOK-EQ,THOMASCOOK
17818,LTIM-EQ,LTIM
11817,MANGALAM-EQ,MANGALAM
22277,WORTH-EQ,WORTH
3715,VLSFINANCE-EQ,VLSFINANCE
6018,ABSLAMC-EQ,ABSLAMC
18883,SJVN-EQ,SJVN
15049,ENERGYDEV-EQ,ENERGYDEV
509,MAZDOCK-EQ,MAZDOCK
25584,TRITURBINE-EQ,TRITURBINE
16859,SINDHUTRAD-EQ,SINDHUTRAD
11265,TVSELECT-EQ,TVSELECT
6951,LINC-EQ,LINC
3761,RITES-EQ,RITES
1491,IFCI-EQ,IFCI
2562,HUHTAMAKI-EQ,HUHTAMAKI
3351,SUNPHARMA-EQ,SUNPHARMA
18284,HNGSNGBEES-EQ,HNGSNGBEES
2645,DRCSYSTEMS-EQ,DRCSYSTEMS
17130,PARAGMILK-EQ,PARAGMILK
12024,ACI-EQ,ACI
13,ABB-EQ,ABB
15244,KAVVERITEL-EQ,KAVVERITEL
993,EVERESTIND-EQ,EVERESTIND
10761,SILVERADD-EQ,SILVERADD
13839,DONEAR-EQ,DONEAR
11566,DCI-EQ,DCI
13236,SADBHAV-EQ,SADBHAV
3375,SURYAROSNI-EQ,SURYAROSNI
18039,ADVENZYMES-EQ,ADVENZYMES
2088,MAHSEAMLES-EQ,MAHSEAMLES
5751,SANSERA-EQ,SANSERA
4668,BANKBARODA-EQ,BANKBARODA
1008,FACT-EQ,FACT
14101,PTL-EQ,PTL
2687,POLYPLEX-EQ,POLYPLEX
17641,SUNTECK-EQ,SUNTECK
11798,ALLSEC-EQ,ALLSEC
3906,CAPLIPOINT-EQ,CAPLIPOINT
16669,BAJAJ-AUTO-EQ,BAJAJ-AUTO
24781,BSLNIFTY-EQ,BSLNIFTY
10568,RAMAPHO-EQ,RAMAPHO
2319,NCC-EQ,NCC
1576,GILLETTE-EQ,GILLETTE
11162,HARSHA-EQ,HARSHA
9385,PNCINFRA-EQ,PNCINFRA
4992,SHARDACROP-EQ,SHARDACROP
14058,SANGHVIMOV-EQ,SANGHVIMOV
4503,MPHASIS-EQ,MPHASIS
3324,SUBROS-EQ,SUBROS
3403,AJOONI-EQ,AJOONI
5258,INDUSINDBK-EQ,INDUSINDBK
14828,WSI-EQ,WSI
21740,CHOLAHLDNG-EQ,CHOLAHLDNG
5957,BSLSENETFG-EQ,BSLSENETFG
22947,EXICOM-EQ,EXICOM
29124,PCJEWELLER-EQ,PCJEWELLER
11647,KOTARISUG-EQ,KOTARISUG
1782,KANPRPLA-EQ,KANPRPLA
21484,STEL-EQ,STEL
10579,MARKSANS-EQ,MARKSANS
15343,SADHNANIQ-EQ,SADHNANIQ
5782,MASPTOP50-EQ,MASPTOP50
19867,AMNPLST-EQ,AMNPLST
3321,SPMLINFRA-EQ,SPMLINFRA
2739,PRSMJOHNSN-EQ,PRSMJOHNSN
2085,MAHSCOOTER-EQ,MAHSCOOTER
11039,DCMNVL-EQ,DCMNVL
6643,SJS-EQ,SJS
4847,KIMS-EQ,KIMS
341,BALRAMCHIN-EQ,BALRAMCHIN
3456,TATAMOTORS-EQ,TATAMOTORS
5475,GRSE-EQ,GRSE
1838,KARURVYSYA-EQ,KARURVYSYA
8050,MAHLIFE-EQ,MAHLIFE
14966,CSBBANK-EQ,CSBBANK
17477,CONTROLPR-EQ,CONTROLPR
16249,INFIBEAM-EQ,INFIBEAM
10755,APTECHT-EQ,APTECHT
14853,OMAXE-EQ,OMAXE
1859,KESORAMIND-EQ,KESORAMIND
19813,HONASA-EQ,HONASA
5313,UGROCAP-EQ,UGROCAP
19025,KIRLOSIND-EQ,KIRLOSIND
14134,PITTIENG-EQ,PITTIENG
17963,NESTLEIND-EQ,NESTLEIND
22901,GOLDCASE-EQ,GOLDCASE
1076,ZENSARTECH-EQ,ZENSARTECH
11399,SALZERELEC-EQ,SALZERELEC
685,CHOLAFIN-EQ,CHOLAFIN
22365,ITIETF-EQ,ITIETF
7200,SHRIRAMPPS-EQ,SHRIRAMPPS
10512,CONS-EQ,CONS
13421,EMKAY-EQ,EMKAY
12173,HNDFDS-EQ,HNDFDS
722,SBIETFPB-EQ,SBIETFPB
9158,BALAJITELE-EQ,BALAJITELE
12101,HDFCNIFIT-EQ,HDFCNIFIT
18292,IVZINGOLD-EQ,IVZINGOLD
20878,MUFTI-EQ,MUFTI
8833,BCG-EQ,BCG
11654,LALPATHLAB-EQ,LALPATHLAB
11549,TEXINFRA-EQ,TEXINFRA
10176,SETFNIF50-EQ,SETFNIF50
6066,ATGL-EQ,ATGL
21406,AVADHSUGAR-EQ,AVADHSUGAR
14230,HDFCBSE500-EQ,HDFCBSE500
22566,BLSE-EQ,BLSE
21828,TEXRAIL-EQ,TEXRAIL
11573,FORCEMOT-EQ,FORCEMOT
19322,HISARMETAL-EQ,HISARMETAL
11821,WELCORP-EQ,WELCORP
19299,ITDC-EQ,ITDC
6286,GULPOLY-EQ,GULPOLY
2997,SANGHIIND-EQ,SANGHIIND
12219,RUSTOMJEE-EQ,RUSTOMJEE
8159,FIBERWEB-EQ,FIBERWEB
30108,ABFRL-EQ,ABFRL
16908,TOUCHWOOD-EQ,TOUCHWOOD
13522,NECCLTD-EQ,NECCLTD
530,BPL-EQ,BPL
3563,ADANIGREEN-EQ,ADANIGREEN
22477,NOVAAGRI-EQ,NOVAAGRI
20825,HUDCO-EQ,HUDCO
2259,MOREPENLAB-EQ,MOREPENLAB
10733,SPORTKING-EQ,SPORTKING
2610,PEARLPOLY-EQ,PEARLPOLY
16819,QNIFTY-EQ,QNIFTY
10925,GODREJIND-EQ,GODREJIND
13890,HIRECT-EQ,HIRECT
14445,NAHARPOLY-EQ,NAHARPOLY
10585,MOM30IETF-EQ,MOM30IETF
742,COSMOFIRST-EQ,COSMOFIRST
17859,REDTAPE-EQ,REDTAPE
10473,POWERMECH-EQ,POWERMECH
13859,VENUSREM-EQ,VENUSREM
14106,AUTOIND-EQ,AUTOIND
23066,GOPAL-EQ,GOPAL
236,ASIANPAINT-EQ,ASIANPAINT
14793,MEGASOFT-EQ,MEGASOFT
422,BHARATFORG-EQ,BHARATFORG
5426,NUVOCO-EQ,NUVOCO
29430,ANKITMETAL-EQ,ANKITMETAL
12489,SWSOLAR-EQ,SWSOLAR
3766,WHEELS-EQ,WHEELS
17514,SETCO-EQ,SETCO
3530,AXISBPSETF-EQ,AXISBPSETF
4157,KEYFINSERV-EQ,KEYFINSERV
17364,VINATIORGA-EQ,VINATIORGA
404,BERGEPAINT-EQ,BERGEPAINT
11840,NH-EQ,NH
4656,SBCL-EQ,SBCL
8968,HARIOMPIPE-EQ,HARIOMPIPE
3727,ANMOL-EQ,ANMOL
16657,ANIKINDS-EQ,ANIKINDS
12978,NPBET-EQ,NPBET
21614,ABCAPITAL-EQ,ABCAPITAL
22592,HEALTHADD-EQ,HEALTHADD
7929,ZYDUSLIFE-EQ,ZYDUSLIFE
13430,KELLTONTEC-EQ,KELLTONTEC
19218,VALIANTLAB-EQ,VALIANTLAB
4344,PUNJABCHEM-EQ,PUNJABCHEM
17770,GROBTEA-EQ,GROBTEA
14858,KOTAKGOLD-EQ,KOTAKGOLD
7353,SETFNN50-EQ,SETFNN50
17603,MAHEPC-EQ,MAHEPC
19556,BHANDARI-EQ,BHANDARI
14547,NDLVENTURE-EQ,NDLVENTURE
13821,RUCHIRA-EQ,RUCHIRA
28899,KITEX-EQ,KITEX
15199,MANAKSIA-EQ,MANAKSIA
14329,SMSPHARMA-EQ,SMSPHARMA
2294,MTNL-EQ,MTNL
7218,SBIETFQLTY-EQ,SBIETFQLTY
781,DALMIASUG-EQ,DALMIASUG
11432,KRITINUT-EQ,KRITINUT
7508,ZENTEC-EQ,ZENTEC
2969,SAKHTISUG-EQ,SAKHTISUG
7919,BYKE-EQ,BYKE
18279,HDFCLIQUID-EQ,HDFCLIQUID
1100,GARFIBRES-EQ,GARFIBRES
14838,DECCANCE-EQ,DECCANCE
17572,LIQUID-EQ,LIQUID
3129,SHREYAS-EQ,SHREYAS
15219,PATINTLOG-EQ,PATINTLOG
21676,HINDMOTORS-EQ,HINDMOTORS
9847,NV20BEES-EQ,NV20BEES
16045,PRINCEPIPE-EQ,PRINCEPIPE
17270,ASPINWALL-EQ,ASPINWALL
15214,DVL-EQ,DVL
4566,RUCHINFRA-EQ,RUCHINFRA
445,5PAISA-EQ,5PAISA
11677,INDOCO-EQ,INDOCO
22,ACC-EQ,ACC
1455,HIL-EQ,HIL
5911,PARAS-EQ,PARAS
2970,SURYODAY-EQ,SURYODAY
23184,MOREALTY-EQ,MOREALTY
11491,APARINDS-EQ,APARINDS
14767,081NSETEST-EQ,081NSETEST
20698,SCHAND-EQ,SCHAND
5748,CYIENT-EQ,CYIENT
8075,DALBHARAT-EQ,DALBHARAT
206,ASHIMASYN-EQ,ASHIMASYN
10350,CSLFINANCE-EQ,CSLFINANCE
11275,TVTODAY-EQ,TVTODAY
11364,VAIBHAVGBL-EQ,VAIBHAVGBL
24231,OMINFRAL-EQ,OMINFRAL
1267,GUJALKALI-EQ,GUJALKALI
19,STYRENIX-EQ,STYRENIX
1196,KANSAINER-EQ,KANSAINER
21238,AUBANK-EQ,AUBANK
740,SBIETFIT-EQ,SBIETFIT
11297,SIL-EQ,SIL
1030,AARON-EQ,AARON
14339,GANESHHOUC-EQ,GANESHHOUC
17307,AJMERA-EQ,AJMERA
578,LIKHITHA-EQ,LIKHITHA
22824,JUNIPER-EQ,JUNIPER
1624,IOC-EQ,IOC
31475,ORBTEXP-EQ,ORBTEXP
8163,SPENCERS-EQ,SPENCERS
22595,HDFCPSUBK-EQ,HDFCPSUBK
24292,VSTTILLERS-EQ,VSTTILLERS
14423,LAOPALA-EQ,LAOPALA
19289,MOM50-EQ,MOM50
13192,ENIL-EQ,ENIL
305,BAJAJHLDNG-EQ,BAJAJHLDNG
13182,ROHLTD-EQ,ROHLTD
425,KHADIM-EQ,KHADIM
20874,RBZJEWEL-EQ,RBZJEWEL
15229,LICNFNHGP-EQ,LICNFNHGP
3001,BSE500IETF-EQ,BSE500IETF
16751,RANEENGINE-EQ,RANEENGINE
18371,NDGL-EQ,NDGL
18866,MAZDA-EQ,MAZDA
9874,GOLDTECH-EQ,GOLDTECH
18783,IDFNIFTYET-EQ,IDFNIFTYET
9617,SPLPETRO-EQ,SPLPETRO
2313,MURUDCERA-EQ,MURUDCERA
2277,MRF-EQ,MRF
14385,POCL-EQ,POCL
10074,EMAMIPAP-EQ,EMAMIPAP
4717,GAIL-EQ,GAIL
13510,AKASH-EQ,AKASH
20374,COALINDIA-EQ,COALINDIA
4010,PVP-EQ,PVP
10285,AYMSYNTEX-EQ,AYMSYNTEX
1614,FAIRCHEMOR-EQ,FAIRCHEMOR
181,ARENTERP-EQ,ARENTERP
11483,LT-EQ,LT
23175,KRYSTAL-EQ,KRYSTAL
14413,PAGEIND-EQ,PAGEIND
17635,ZYDUSWELL-EQ,ZYDUSWELL
1232,GRASIM-EQ,GRASIM
21986,BANKBETF-EQ,BANKBETF
11423,DATAMATICS-EQ,DATAMATICS
18124,DBREALTY-EQ,DBREALTY
1127,GHCL-EQ,GHCL
913,EQUITASBNK-EQ,EQUITASBNK
2598,AMJLAND-EQ,AMJLAND
14501,BALAMINES-EQ,BALAMINES
14479,DIVGIITTS-EQ,DIVGIITTS
4973,PHARMABEES-EQ,PHARMABEES
30023,ATULAUTO-EQ,ATULAUTO
19878,ESAFSFB-EQ,ESAFSFB
11580,WESTLIFE-EQ,WESTLIFE
7339,ABSLNN50ET-EQ,ABSLNN50ET
163,APOLLOTYRE-EQ,APOLLOTYRE
4306,SHRIRAMFIN-EQ,SHRIRAMFIN
27161,CINELINE-EQ,CINELINE
8866,CHOICEIN-EQ,CHOICEIN
11319,LICNETFN50-EQ,LICNETFN50
7848,BIL-EQ,BIL
919,EIHOTEL-EQ,EIHOTEL
17598,ASALCBR-EQ,ASALCBR
1363,HINDALCO-EQ,HINDALCO
16795,ARCHIDPLY-EQ,ARCHIDPLY
19234,LAURUSLABS-EQ,LAURUSLABS
18060,CONCORDBIO-EQ,CONCORDBIO
31468,LYPSAGEMS-EQ,LYPSAGEMS
10578,MPSLTD-EQ,MPSLTD
13658,GEECEE-EQ,GEECEE
11496,AMBICAAGAR-EQ,AMBICAAGAR
22377,MAXHEALTH-EQ,MAXHEALTH
13950,LIQUID1-EQ,LIQUID1
10604,BHARTIARTL-EQ,BHARTIARTL
2056,HOMEFIRST-EQ,HOMEFIRST
1879,CARYSIL-EQ,CARYSIL
15068,RELIGARE-EQ,RELIGARE
9348,IOB-EQ,IOB
15254,CEATLTD-EQ,CEATLTD
16821,VINYLINDIA-EQ,VINYLINDIA
3475,THERMAX-EQ,THERMAX
11045,SATIA-EQ,SATIA
18341,VPRPL-EQ,VPRPL
19597,IRMENERGY-EQ,IRMENERGY
13501,ALLCARGO-EQ,ALLCARGO
17438,OIL-EQ,OIL
7105,TEGA-EQ,TEGA
10099,GODREJCP-EQ,GODREJCP
3608,AXISHCETF-EQ,AXISHCETF
2481,ONWARDTEC-EQ,ONWARDTEC
14552,PHOENIXLTD-EQ,PHOENIXLTD
1174,GNFC-EQ,GNFC
2792,EASEMYTRIP-EQ,EASEMYTRIP
15119,EDELWEISS-EQ,EDELWEISS
18822,ENDURANCE-EQ,ENDURANCE
9117,TIPSINDLTD-EQ,TIPSINDLTD
20788,MOTISONS-EQ,MOTISONS
7942,SILVERIETF-EQ,SILVERIETF
6445,TECHNOE-EQ,TECHNOE
29113,CARERATING-EQ,CARERATING
1153,GLAXO-EQ,GLAXO
29050,ZUARI-EQ,ZUARI
21062,INNOVACAP-EQ,INNOVACAP
100,ARE&M-EQ,ARE&M
11193,AXISILVER-EQ,AXISILVER
1164,NEWGEN-EQ,NEWGEN
10791,NUCLEUS-EQ,NUCLEUS
20092,TASTYBITE-EQ,TASTYBITE
10999,MARUTI-EQ,MARUTI
7390,SUPRIYA-EQ,SUPRIYA
2229,MODIRUBBER-EQ,MODIRUBBER
4299,STERTOOLS-EQ,STERTOOLS
2397,SANDHAR-EQ,SANDHAR
19015,MVGJL-EQ,MVGJL
18417,RISHABH-EQ,RISHABH
12384,ZIMLAB-EQ,ZIMLAB
11343,AFFLE-EQ,AFFLE
13740,SHYAMTEL-EQ,SHYAMTEL
21508,COCHINSHIP-EQ,COCHINSHIP
48,HAPPSTMNDS-EQ,HAPPSTMNDS
11532,ULTRACEMCO-EQ,ULTRACEMCO
13423,ELIN-EQ,ELIN
18889,KSL-EQ,KSL
13761,BBL-EQ,BBL
15355,RECLTD-EQ,RECLTD
3435,BBOX-EQ,BBOX
10453,SATIN-EQ,SATIN
10243,SYNGENE-EQ,SYNGENE
14245,TVSSRICHAK-EQ,TVSSRICHAK
11872,GRANULES-EQ,GRANULES
21362,SALASAR-EQ,SALASAR
8146,DEVIT-EQ,DEVIT
2708,PRAKASH-EQ,PRAKASH
20323,RESPONIND-EQ,RESPONIND
22488,NIFITETF-EQ,NIFITETF
11309,BALAXI-EQ,BALAXI
380,BBTC-EQ,BBTC
2263,BANDHANBNK-EQ,BANDHANBNK
15067,BLAL-EQ,BLAL
24538,MAITHANALL-EQ,MAITHANALL
25780,APLAPOLLO-EQ,APLAPOLLO
2431,RAILTEL-EQ,RAILTEL
14523,ICRA-EQ,ICRA
14813,ADSL-EQ,ADSL
357,NAM-INDIA-EQ,NAM-INDIA
13844,MMFL-EQ,MMFL
13580,RADIANTCMS-EQ,RADIANTCMS
12863,V1NSETEST-EQ,V1NSETEST
20063,SASTASUNDR-EQ,SASTASUNDR
13001,DHARMAJ-EQ,DHARMAJ
22233,DHUNINV-EQ,DHUNINV
14314,TTL-EQ,TTL
8167,MANYAVAR-EQ,MANYAVAR
1313,HARRMALAYA-EQ,HARRMALAYA
5428,TRIGYN-EQ,TRIGYN
24391,DELPHIFX-EQ,DELPHIFX
3912,KHAITANLTD-EQ,KHAITANLTD
6045,PASUPTAC-EQ,PASUPTAC
17700,LTGILTBEES-EQ,LTGILTBEES
13517,EMAMILTD-EQ,EMAMILTD
701,HEMIPROP-EQ,HEMIPROP
8696,VRLLOG-EQ,VRLLOG
2275,IRISDOREME-EQ,IRISDOREME
17758,SARDAEN-EQ,SARDAEN
15266,JKIL-EQ,JKIL
17738,YATHARTH-EQ,YATHARTH
13750,FLUOROCHEM-EQ,FLUOROCHEM
18026,SBFC-EQ,SBFC
5926,INTELLECT-EQ,INTELLECT
10825,MOVALUE-EQ,MOVALUE
15420,ACL-EQ,ACL
19020,JSWINFRA-EQ,JSWINFRA
20302,PRESTIGE-EQ,PRESTIGE
6422,MANORG-EQ,MANORG
11165,COFFEEDAY-EQ,COFFEEDAY
4410,JAGSNPHARM-EQ,JAGSNPHARM
10227,MANORAMA-EQ,MANORAMA
19447,CAPTRUST-EQ,CAPTRUST
1797,AWHCL-EQ,AWHCL
17778,ATL-EQ,ATL
3546,TTKPRESTIG-EQ,TTKPRESTIG
11435,SPANDANA-EQ,SPANDANA
14772,101NSETEST-EQ,101NSETEST
220,IEX-EQ,IEX
6302,APOLSINHOT-EQ,APOLSINHOT
21401,TATAGOLD-EQ,TATAGOLD
1726,JBCHEPHARM-EQ,JBCHEPHARM
18143,JIOFIN-EQ,JIOFIN
3063,VEDL-EQ,VEDL
23056,JGCHEM-EQ,JGCHEM
8119,RPSGVENT-EQ,RPSGVENT
28913,ROSSELLIND-EQ,ROSSELLIND
11457,NV20-EQ,NV20
11667,DWARKESH-EQ,DWARKESH
21794,DAVANGERE-EQ,DAVANGERE
8024,CINEVISTA-EQ,CINEVISTA
955,ESABINDIA-EQ,ESABINDIA
14843,VIPCLOTHNG-EQ,VIPCLOTHNG
13868,AARTIPHARM-EQ,AARTIPHARM
2144,BDL-EQ,BDL
2202,MIRCELECTR-EQ,MIRCELECTR
4204,MOTHERSON-EQ,MOTHERSON
25640,LICMFGOLD-EQ,LICMFGOLD
18321,LGBBROSLTD-EQ,LGBBROSLTD
3703,VIPIND-EQ,VIPIND
14786,LOWVOL-EQ,LOWVOL
10343,RADHIKAJWE-EQ,RADHIKAJWE
25468,PAISALO-EQ,PAISALO
13310,KEI-EQ,KEI
9260,ARROWGREEN-EQ,ARROWGREEN
22656,SIGNPOST-EQ,SIGNPOST
6227,DTIL-EQ,DTIL
9039,UFO-EQ,UFO
2614,HERANBA-EQ,HERANBA
17651,POKARNA-EQ,POKARNA
4898,FDC-EQ,FDC
13592,HOVS-EQ,HOVS
21001,PSB-EQ,PSB
10277,NGLFINE-EQ,NGLFINE
7242,METROBRAND-EQ,METROBRAND
18679,HPL-EQ,HPL
760,CGPOWER-EQ,CGPOWER
14755,041NSETEST-EQ,041NSETEST
14753,031NSETEST-EQ,031NSETEST
3744,FINEORG-EQ,FINEORG
7,AARTIIND-EQ,AARTIIND
3329,ISGEC-EQ,ISGEC
20072,INFRABEES-EQ,INFRABEES
20830,MOIL-EQ,MOIL
12026,RENUKA-EQ,RENUKA
17547,AMRUTANJAN-EQ,AMRUTANJAN
1594,INFY-EQ,INFY
15589,AVG-EQ,AVG
2535,PGHH-EQ,PGHH
21578,COMSYN-EQ,COMSYN
2837,RANASUG-EQ,RANASUG
245,ADL-EQ,ADL
17869,JSWENERGY-EQ,JSWENERGY
7227,MAPMYINDIA-EQ,MAPMYINDIA
31138,COMPUSOFT-EQ,COMPUSOFT
5306,FMCGIETF-EQ,FMCGIETF
5633,J&KBANK-EQ,J&KBANK
2809,RAJSREESUG-EQ,RAJSREESUG
20329,CGCL-EQ,CGCL
20534,GRAVITA-EQ,GRAVITA
958,ESCORTS-EQ,ESCORTS
1497,SHIVAMILLS-EQ,SHIVAMILLS
21174,CDSL-EQ,CDSL
27107,SPECIALITY-EQ,SPECIALITY
9408,RAINBOW-EQ,RAINBOW
30125,IBULHSGFIN-EQ,IBULHSGFIN
14180,NSLNISP-EQ,NSLNISP
10940,DIVISLAB-EQ,DIVISLAB
8003,SILVER-EQ,SILVER
12686,MBAPL-EQ,MBAPL
6863,BAJAJHCARE-EQ,BAJAJHCARE
5239,MAHAPEXLTD-EQ,MAHAPEXLTD
16959,ALKALI-EQ,ALKALI
8585,NLCINDIA-EQ,NLCINDIA
9576,MAHESHWARI-EQ,MAHESHWARI
11241,HDFCGROWTH-EQ,HDFCGROWTH
1448,HLVLTD-EQ,HLVLTD
11892,VHL-EQ,VHL
6417,KRITI-EQ,KRITI
19913,DMART-EQ,DMART
20152,ASKAUTOLTD-EQ,ASKAUTOLTD
6656,POLICYBZR-EQ,POLICYBZR
10948,STCINDIA-EQ,STCINDIA
371,BATAINDIA-EQ,BATAINDIA
16900,DPWIRES-EQ,DPWIRES
10619,HDFCNEXT50-EQ,HDFCNEXT50
3748,WEIZMANIND-EQ,WEIZMANIND
13061,360ONE-EQ,360ONE
1053,UFLEX-EQ,UFLEX
8828,GAEL-EQ,GAEL
8596,MSUMI-EQ,MSUMI
263,ATUL-EQ,ATUL
3482,CLSEL-EQ,CLSEL
7374,STAR-EQ,STAR
278,AUTOAXLES-EQ,AUTOAXLES
3237,JTEKTINDIA-EQ,JTEKTINDIA
14762,061NSETEST-EQ,061NSETEST
553,RELINFRA-EQ,RELINFRA
21541,JUBLINDS-EQ,JUBLINDS
17747,NIITMTS-EQ,NIITMTS
15283,KNRCON-EQ,KNRCON
1406,HINDPETRO-EQ,HINDPETRO
4421,CREDITACC-EQ,CREDITACC
17351,SALONA-EQ,SALONA
13451,RATNAMANI-EQ,RATNAMANI
11460,JPASSOCIAT-EQ,JPASSOCIAT
17945,SUVENPHAR-EQ,SUVENPHAR
17833,AHLUCONT-EQ,AHLUCONT
10457,ARVSMART-EQ,ARVSMART
14366,IDEA-EQ,IDEA
338,BALMLAWRIE-EQ,BALMLAWRIE
13796,MANALIPETC-EQ,MANALIPETC
5359,KRSNAA-EQ,KRSNAA
2463,MIDHANI-EQ,MIDHANI
15180,KIRLPNU-EQ,KIRLPNU
5938,MONTECARLO-EQ,MONTECARLO
1041,FINPIPE-EQ,FINPIPE
559,BSL-EQ,BSL
1521,INDIAGLYCO-EQ,INDIAGLYCO
13072,IIFLSEC-EQ,IIFLSEC
13689,SAH-EQ,SAH
6673,FOODSIN-EQ,FOODSIN
7852,INOXWIND-EQ,INOXWIND
11852,SURYALAXMI-EQ,SURYALAXMI
13810,GREENPANEL-EQ,GREENPANEL
1394,HINDUNILVR-EQ,HINDUNILVR
17069,UJJIVAN-EQ,UJJIVAN
13611,IRCTC-EQ,IRCTC
8077,MIDCAP-EQ,MIDCAP
19458,PLAZACABLE-EQ,PLAZACABLE
10637,OLECTRA-EQ,OLECTRA
3637,JUBLPHARMA-EQ,JUBLPHARMA
16845,LGBFORGE-EQ,LGBFORGE
13285,M&MFIN-EQ,M&MFIN
20314,NRAIL-EQ,NRAIL
25718,POLYMED-EQ,POLYMED
15288,HERCULES-EQ,HERCULES
11355,PTC-EQ,PTC
8954,TTML-EQ,TTML
7074,MAHKTECH-EQ,MAHKTECH
20160,CANTABIL-EQ,CANTABIL
7553,NRBBEARING-EQ,NRBBEARING
1919,KOPRAN-EQ,KOPRAN
10447,MCDOWELL-N-EQ,MCDOWELL-N
1964,TRENT-EQ,TRENT
5501,YUKEN-EQ,YUKEN
9362,CAMPUS-EQ,CAMPUS
14938,GSEC10YEAR-EQ,GSEC10YEAR
8479,TVSMOTOR-EQ,TVSMOTOR
1415,GLOBAL-EQ,GLOBAL
11006,LIQUIDBEES-EQ,LIQUIDBEES
19205,HEADSUP-EQ,HEADSUP
6803,STEELCAS-EQ,STEELCAS
193,ARVIND-EQ,ARVIND
15649,ATALREAL-EQ,ATALREAL
13756,SHIVAMAUTO-EQ,SHIVAMAUTO
8080,SILVERBEES-EQ,SILVERBEES
1190,FMGOETZE-EQ,FMGOETZE
15377,PDMJEPAPER-EQ,PDMJEPAPER
14912,KPRMILL-EQ,KPRMILL
18564,LTTS-EQ,LTTS
16253,EBBETF0430-EQ,EBBETF0430
1360,HIMATSEIDE-EQ,HIMATSEIDE
20936,KIRLOSENG-EQ,KIRLOSENG
1627,LINDEINDIA-EQ,LINDEINDIA
18118,THANGAMAYL-EQ,THANGAMAYL
17999,UNITEDTEA-EQ,UNITEDTEA
5631,PAR-EQ,PAR
13644,BANKETFADD-EQ,BANKETFADD
16675,BAJAJFINSV-EQ,BAJAJFINSV
6973,DMCC-EQ,DMCC
4116,HBSL-EQ,HBSL
9917,NEOGEN-EQ,NEOGEN
20616,SUPERHOUSE-EQ,SUPERHOUSE
5610,ASTRAZEN-EQ,ASTRAZEN
14947,MOTILALOFS-EQ,MOTILALOFS
11538,HDFCMOMENT-EQ,HDFCMOMENT
3186,SKFINDIA-EQ,SKFINDIA
10738,OFSS-EQ,OFSS
10859,DREAMFOLKS-EQ,DREAMFOLKS
3018,SAURASHCEM-EQ,SAURASHCEM
10406,STEELCITY-EQ,STEELCITY
14592,FORTIS-EQ,FORTIS
13226,GVKPIL-EQ,GVKPIL
13143,GSEC10IETF-EQ,GSEC10IETF
1044,AXISBNKETF-EQ,AXISBNKETF
14761,NELCAST-EQ,NELCAST
11452,CCL-EQ,CCL
15032,PSUBNKBEES-EQ,PSUBNKBEES
3127,BARBEQUE-EQ,BARBEQUE
703,DICIND-EQ,DICIND
9087,PIXTRANS-EQ,PIXTRANS
5264,PDSL-EQ,PDSL
22670,RPTECH-EQ,RPTECH
5162,TATVA-EQ,TATVA
1073,FOSECOIND-EQ,FOSECOIND
18644,DIAMINESQ-EQ,DIAMINESQ
381,SINTERCOM-EQ,SINTERCOM
20551,DOMS-EQ,DOMS
10576,NIFTYBEES-EQ,NIFTYBEES
20322,FEDFINA-EQ,FEDFINA
2496,ORIENTPPR-EQ,ORIENTPPR
13656,ALICON-EQ,ALICON
13577,VOLTAMP-EQ,VOLTAMP
19731,GPPL-EQ,GPPL
10300,RAMASTEEL-EQ,RAMASTEEL
19097,SILLYMONKS-EQ,SILLYMONKS
13409,GPIL-EQ,GPIL
13400,BHAGERIA-EQ,BHAGERIA
480,BIRLACORPN-EQ,BIRLACORPN
13643,ELECON-EQ,ELECON
15356,GOLDETFADD-EQ,GOLDETFADD
2442,NOCIL-EQ,NOCIL
1348,HEROMOTOCO-EQ,HEROMOTOCO
154,APCOTEXIND-EQ,APCOTEXIND
17875,GODREJPROP-EQ,GODREJPROP
21077,SURANASOL-EQ,SURANASOL
14174,IZMO-EQ,IZMO
3405,TATACHEM-EQ,TATACHEM
3718,VOLTAS-EQ,VOLTAS
9354,TAJGVK-EQ,TAJGVK
513,BOMDYEING-EQ,BOMDYEING
817,DCW-EQ,DCW
4684,SONACOMS-EQ,SONACOMS
3103,SHREECEM-EQ,SHREECEM
3002,WONDERLA-EQ,WONDERLA
10238,CONFIPET-EQ,CONFIPET
13414,RSYSTEMS-EQ,RSYSTEMS
14562,ZENITHSTL-EQ,ZENITHSTL
17397,PREMEXPLN-EQ,PREMEXPLN
6713,MOLDTKPAC-EQ,MOLDTKPAC
10580,TCI-EQ,TCI
5614,GANESHBE-EQ,GANESHBE
19196,TI-EQ,TI
4172,TCNSBRANDS-EQ,TCNSBRANDS
17145,AARTECH-EQ,AARTECH
2979,ORTINLAB-EQ,ORTINLAB
13121,KERNEX-EQ,KERNEX
18151,TVSSCS-EQ,TVSSCS
3518,TORNTPHARM-EQ,TORNTPHARM
23181,MOSMALL250-EQ,MOSMALL250
20547,BBNPPGOLD-EQ,BBNPPGOLD
937,ELGIEQUIP-EQ,ELGIEQUIP
395,BEML-EQ,BEML
11779,ACEINTEG-EQ,ACEINTEG
18608,ZAGGLE-EQ,ZAGGLE
19224,SENSEXETF-EQ,SENSEXETF
20159,ARIHANTSUP-EQ,ARIHANTSUP
27095,SWANENERGY-EQ,SWANENERGY
19931,ORISSAMINE-EQ,ORISSAMINE
15883,HINDWAREAP-EQ,HINDWAREAP
20223,CLEDUCATE-EQ,CLEDUCATE
3292,DEEPINDS-EQ,DEEPINDS
19937,KILITCH-EQ,KILITCH
275,AUROPHARMA-EQ,AUROPHARMA
14774,111NSETEST-EQ,111NSETEST
31258,NDL-EQ,NDL
11387,UMANGDAIRY-EQ,UMANGDAIRY
17764,REFEX-EQ,REFEX
11896,GEOJITFSL-EQ,GEOJITFSL
5449,CHEMPLASTS-EQ,CHEMPLASTS
757,CRISIL-EQ,CRISIL
19036,PODDARMENT-EQ,PODDARMENT
11630,NTPC-EQ,NTPC
21713,LASA-EQ,LASA
20321,SHANKARA-EQ,SHANKARA
11407,XPROINDIA-EQ,XPROINDIA
14296,SEQUENT-EQ,SEQUENT
8182,MOMOMENTUM-EQ,MOMOMENTUM
3339,SUNDARMFIN-EQ,SUNDARMFIN
10346,DGCONTENT-EQ,DGCONTENT
2435,CONSUMBEES-EQ,CONSUMBEES
19111,NBIFIN-EQ,NBIFIN
7177,RATEGAIN-EQ,RATEGAIN
1442,SANOFI-EQ,SANOFI
19279,THEJO-EQ,THEJO
22739,MON100-EQ,MON100
19640,ALPHAETF-EQ,ALPHAETF
2320,SMCGLOBAL-EQ,SMCGLOBAL
3389,AGARIND-EQ,AGARIND
4136,BIOFILCHEM-EQ,BIOFILCHEM
9592,VENUSPIPES-EQ,VENUSPIPES
14782,151NSETEST-EQ,151NSETEST
2124,MASTEK-EQ,MASTEK
11037,BANKIETF-EQ,BANKIETF
12153,BBTCL-EQ,BBTCL
8614,INDOBORAX-EQ,INDOBORAX
16921,20MICRONS-EQ,20MICRONS
6198,FCL-EQ,FCL
20642,JINDWORLD-EQ,JINDWORLD
1315,GALAXYSURF-EQ,GALAXYSURF
17704,QUESS-EQ,QUESS
2142,MFSL-EQ,MFSL
20413,IOLCP-EQ,IOLCP
5097,ZOMATO-EQ,ZOMATO
14687,GOACARBON-EQ,GOACARBON
5142,CIGNITITEC-EQ,CIGNITITEC
10485,RAMRAT-EQ,RAMRAT
1467,AKZOINDIA-EQ,AKZOINDIA
14932,ISMTLTD-EQ,ISMTLTD
20257,ESILVER-EQ,ESILVER
15404,ATAM-EQ,ATAM
4244,HDFCAMC-EQ,HDFCAMC
14758,051NSETEST-EQ,051NSETEST
2073,VTL-EQ,VTL
4693,SHYAMMETL-EQ,SHYAMMETL
23407,LIQUIDADD-EQ,LIQUIDADD
12841,11NSETEST-EQ,11NSETEST
9668,HIKAL-EQ,HIKAL
5352,EXXARO-EQ,EXXARO
17044,SHARIABEES-EQ,SHARIABEES
13771,AARVEEDEN-EQ,AARVEEDEN
3099,SHREDIGCEM-EQ,SHREDIGCEM
467,HDFCLIFE-EQ,HDFCLIFE
20293,TATATECH-EQ,TATATECH
21749,CAPACITE-EQ,CAPACITE
22722,LICNMID100-EQ,LICNMID100
11591,HDFCNIFTY-EQ,HDFCNIFTY
2354,KBCGLOBAL-EQ,KBCGLOBAL
20425,NACLIND-EQ,NACLIND
14957,MAGNUM-EQ,MAGNUM
17616,PSUBANKADD-EQ,PSUBANKADD
29598,REPCOHOME-EQ,REPCOHOME
9810,AETHER-EQ,AETHER
17187,CYIENTDLM-EQ,CYIENTDLM
3880,SOMANYCERA-EQ,SOMANYCERA
2331,JAYNECOIND-EQ,JAYNECOIND
4907,ENGINERSIN-EQ,ENGINERSIN
22433,HDFCNIFBAN-EQ,HDFCNIFBAN
4487,ALKYLAMINE-EQ,ALKYLAMINE
6994,BSOFT-EQ,BSOFT
11593,HDFCSENSEX-EQ,HDFCSENSEX
21501,SIS-EQ,SIS
4732,SKMEGGPROD-EQ,SKMEGGPROD
13920,PLASTIBLEN-EQ,PLASTIBLEN
20188,WABAG-EQ,WABAG
1328,MARINE-EQ,MARINE
11971,GOLDIAM-EQ,GOLDIAM
18252,SPAL-EQ,SPAL
16745,RBL-EQ,RBL
7169,MICEL-EQ,MICEL
11184,IDFCFIRSTB-EQ,IDFCFIRSTB
3150,SIEMENS-EQ,SIEMENS
24924,ELGIRUBCO-EQ,ELGIRUBCO
277,GICRE-EQ,GICRE
17272,SETFGOLD-EQ,SETFGOLD
17295,NAGAFERT-EQ,NAGAFERT
2649,PCBL-EQ,PCBL
1480,REPL-EQ,REPL
10634,ASAL-EQ,ASAL
1814,KPIL-EQ,KPIL
22521,NIF5GETF-EQ,NIF5GETF
22239,EBBETF0431-EQ,EBBETF0431
10159,ORICONENT-EQ,ORICONENT
4037,AUSOMENT-EQ,AUSOMENT
13528,GMRINFRA-EQ,GMRINFRA
1805,KABRAEXTRU-EQ,KABRAEXTRU
7145,ANANDRATHI-EQ,ANANDRATHI
936,DPABHUSHAN-EQ,DPABHUSHAN
4587,RAMCOIND-EQ,RAMCOIND
3384,SWARAJENG-EQ,SWARAJENG
7401,RAJESHEXPO-EQ,RAJESHEXPO
22930,PLATIND-EQ,PLATIND
3426,TATAPOWER-EQ,TATAPOWER
619,CENTENKA-EQ,CENTENKA
27067,VSSL-EQ,VSSL
11082,LIBAS-EQ,LIBAS
5168,SBIETFCON-EQ,SBIETFCON
9049,ROTO-EQ,ROTO
9756,EMUDHRA-EQ,EMUDHRA
20134,RAMKY-EQ,RAMKY
17659,UNIVPHOTO-EQ,UNIVPHOTO
18119,SRGHFL-EQ,SRGHFL
7965,MALLCOM-EQ,MALLCOM
3022,SDL26BEES-EQ,SDL26BEES
11987,ICIL-EQ,ICIL
16292,PANACHE-EQ,PANACHE
13565,RAMANEWS-EQ,RAMANEWS
12848,N1NSETEST-EQ,N1NSETEST
342,CAMS-EQ,CAMS
19876,LGHL-EQ,LGHL
2844,RANEHOLDIN-EQ,RANEHOLDIN
17053,HMAAGRO-EQ,HMAAGRO
438,BHEL-EQ,BHEL
3396,TAINWALCHM-EQ,TAINWALCHM
3045,SBIN-EQ,SBIN
21195,GTPL-EQ,GTPL
1660,ITC-EQ,ITC
13275,INDOTECH-EQ,INDOTECH
6848,GREENLAM-EQ,GREENLAM
136,ANDHRSUGAR-EQ,ANDHRSUGAR
15380,MANKIND-EQ,MANKIND
17263,ARMANFIN-EQ,ARMANFIN
21690,DIXON-EQ,DIXON
11220,VARDHACRLC-EQ,VARDHACRLC
1494,RBA-EQ,RBA
8998,MRO-TEK-EQ,MRO-TEK
1841,KCP-EQ,KCP
7196,BBETF0432-EQ,BBETF0432
1708,JAYBARMARU-EQ,JAYBARMARU
5606,INTLCONV-EQ,INTLCONV
14096,SIYSIL-EQ,SIYSIL
14068,SAGCEM-EQ,SAGCEM
13260,KEC-EQ,KEC
14618,CHEMBOND-EQ,CHEMBOND
18721,NUVAMA-EQ,NUVAMA
7979,MAKEINDIA-EQ,MAKEINDIA
7844,AUTOIETF-EQ,AUTOIETF
2705,PRAJIND-EQ,PRAJIND
15007,MANGCHEFER-EQ,MANGCHEFER
10753,UNIONBANK-EQ,UNIONBANK
5900,AXISBANK-EQ,AXISBANK
7982,GRWRHITECH-EQ,GRWRHITECH
11155,CREATIVE-EQ,CREATIVE
12749,DJML-EQ,DJML
6568,LAXMICOT-EQ,LAXMICOT
10440,LUPIN-EQ,LUPIN
15278,ONMOBILE-EQ,ONMOBILE
13794,BAIDFIN-EQ,BAIDFIN
14535,GOLDSHARE-EQ,GOLDSHARE
15342,SHALPAINTS-EQ,SHALPAINTS
12108,HDFCPVTBAN-EQ,HDFCPVTBAN
12009,IMPAL-EQ,IMPAL
11377,MAHABANK-EQ,MAHABANK
21131,TEJASNET-EQ,TEJASNET
4747,INDNIPPON-EQ,INDNIPPON
19265,BLISSGVS-EQ,BLISSGVS
1633,IPCALAB-EQ,IPCALAB
4378,SENSEXIETF-EQ,SENSEXIETF
17256,ALBERTDAVD-EQ,ALBERTDAVD
21392,MAGADSUGAR-EQ,MAGADSUGAR
16713,UBL-EQ,UBL
583,CANFINHOME-EQ,CANFINHOME
14582,SRHHYPOLTD-EQ,SRHHYPOLTD
22415,LOVABLE-EQ,LOVABLE
4843,SNOWMAN-EQ,SNOWMAN
739,COROMANDEL-EQ,COROMANDEL
8124,AJANTPHARM-EQ,AJANTPHARM
13288,AHL-EQ,AHL
1336,HEG-EQ,HEG
474,3MINDIA-EQ,3MINDIA
1139,GICHSGFIN-EQ,GICHSGFIN
11050,SIRCA-EQ,SIRCA
17541,DAMODARIND-EQ,DAMODARIND
11829,SSWL-EQ,SSWL
13976,TANLA-EQ,TANLA
15156,KALYANIFRG-EQ,KALYANIFRG
3088,INDOSTAR-EQ,INDOSTAR
14450,IBREALEST-EQ,IBREALEST
21957,INDTERRAIN-EQ,INDTERRAIN
1720,JAYSREETEA-EQ,JAYSREETEA
17939,HINDCOPPER-EQ,HINDCOPPER
13710,FIEMIND-EQ,FIEMIND
11445,PILANIINVS-EQ,PILANIINVS
3821,ZODIACLOTH-EQ,ZODIACLOTH
436,IFGLEXPOR-EQ,IFGLEXPOR
10905,GENESYS-EQ,GENESYS
12231,OCCL-EQ,OCCL
24196,VADILALIND-EQ,VADILALIND
12716,TEAMLEASE-EQ,TEAMLEASE
19585,BSE-EQ,BSE
14043,SARLAPOLY-EQ,SARLAPOLY
7835,WEL-EQ,WEL
14607,TGBHOTELS-EQ,TGBHOTELS
12032,FIVESTAR-EQ,FIVESTAR
14557,AROGRANITE-EQ,AROGRANITE
9356,MSTCLTD-EQ,MSTCLTD
15399,EIHAHOTELS-EQ,EIHAHOTELS
31415,NBCC-EQ,NBCC
489,ICEMAKE-EQ,ICEMAKE
3496,TIRUMALCHM-EQ,TIRUMALCHM
9168,UTISXN50-EQ,UTISXN50
13106,NAHARINDUS-EQ,NAHARINDUS
18049,MINDTECK-EQ,MINDTECK
14116,GANDHITUBE-EQ,GANDHITUBE
19113,UDS-EQ,UDS
11520,SECURCRED-EQ,SECURCRED
10939,JUNIORBEES-EQ,JUNIORBEES
22463,EPACK-EQ,EPACK
11536,TCS-EQ,TCS
6446,CONSUMIETF-EQ,CONSUMIETF
881,DRREDDY-EQ,DRREDDY
809,BSHSL-EQ,BSHSL
14064,ASMS-EQ,ASMS
350,BANARISUG-EQ,BANARISUG
772,DABUR-EQ,DABUR
17419,BANKETF-EQ,BANKETF
324,ANGELONE-EQ,ANGELONE
11794,SAKSOFT-EQ,SAKSOFT
14019,TIDEWATER-EQ,TIDEWATER
8342,GSEC5IETF-EQ,GSEC5IETF
21113,BFINVEST-EQ,BFINVEST
15085,SILVERETF-EQ,SILVERETF
5435,APTUS-EQ,APTUS
21959,NIFTYBETF-EQ,NIFTYBETF
18226,MANINFRA-EQ,MANINFRA
7412,ALPHA-EQ,ALPHA
25756,VIKASECO-EQ,VIKASECO
13725,DCBBANK-EQ,DCBBANK
10793,SYRMA-EQ,SYRMA
8304,PRITI-EQ,PRITI
6818,LATENTVIEW-EQ,LATENTVIEW
4055,PANACEABIO-EQ,PANACEABIO
14063,WANBURY-EQ,WANBURY
27008,HEXATRADEX-EQ,HEXATRADEX
5385,AAVAS-EQ,AAVAS
11253,WELSPUNLIV-EQ,WELSPUNLIV
5143,JAICORPLTD-EQ,JAICORPLTD
20822,SURAJEST-EQ,SURAJEST
10599,GUJGASLTD-EQ,GUJGASLTD
1570,GMMPFAUDLR-EQ,GMMPFAUDLR
17722,DEN-EQ,DEN
1289,GFLLIMITED-EQ,GFLLIMITED
17903,ABBOTINDIA-EQ,ABBOTINDIA
6543,GRPLTD-EQ,GRPLTD
14900,SAHYADRI-EQ,SAHYADRI
23142,PVSL-EQ,PVSL
18593,EMSLIMITED-EQ,EMSLIMITED
11743,JINDALPHOT-EQ,JINDALPHOT
811,DCMSHRIRAM-EQ,DCMSHRIRAM
19438,AHLEAST-EQ,AHLEAST
10676,MNC-EQ,MNC
2306,BESTAGRO-EQ,BESTAGRO
212,ASHOKLEY-EQ,ASHOKLEY
3021,SOTL-EQ,SOTL
19084,ITBEES-EQ,ITBEES
13536,VIDHIING-EQ,VIDHIING
17032,THYROCARE-EQ,THYROCARE
14567,BFUTILITIE-EQ,BFUTILITIE
22980,MUKKA-EQ,MUKKA
18011,WHIRLPOOL-EQ,WHIRLPOOL
1476,IDBI-EQ,IDBI
19933,EGOLD-EQ,EGOLD
2283,MRPL-EQ,MRPL
1333,HDFCBANK-EQ,HDFCBANK
3291,STARPAPER-EQ,STARPAPER
3626,HEALTHIETF-EQ,HEALTHIETF
9862,WEWIN-EQ,WEWIN
22255,NDRAUTO-EQ,NDRAUTO
13198,COMMOIETF-EQ,COMMOIETF
17922,GEEKAYWIRE-EQ,GEEKAYWIRE
17801,LLOYDSENGG-EQ,LLOYDSENGG
22663,JSFB-EQ,JSFB
7376,HPAL-EQ,HPAL
14008,AVTNPL-EQ,AVTNPL
20778,JAMNAAUTO-EQ,JAMNAAUTO
3010,AXISTECETF-EQ,AXISTECETF
11703,ALKEM-EQ,ALKEM
3327,SUDARSCHEM-EQ,SUDARSCHEM
22717,ENTERO-EQ,ENTERO
20956,SUNCLAY-EQ,SUNCLAY
317,BAJFINANCE-EQ,BAJFINANCE
11325,MUKANDLTD-EQ,MUKANDLTD
4598,HERITGFOOD-EQ,HERITGFOOD
10865,GVPTECH-EQ,GVPTECH
7016,SHIVALIK-EQ,SHIVALIK
22846,GPTHEALTH-EQ,GPTHEALTH
15555,HCG-EQ,HCG
714,SHALBY-EQ,SHALBY
1235,GREAVESCOT-EQ,GREAVESCOT
17105,SUMICHEM-EQ,SUMICHEM
8632,LOWVOL1-EQ,LOWVOL1
13101,VIMTALABS-EQ,VIMTALABS
15419,DPSCLTD-EQ,DPSCLTD
4751,INDRAMEDCO-EQ,INDRAMEDCO
13951,PARACABLES-EQ,PARACABLES
1979,LAXMIMACH-EQ,LAXMIMACH
1011,SCHAEFFLER-EQ,SCHAEFFLER
3892,HATSUN-EQ,HATSUN
6164,BHAGCHEM-EQ,BHAGCHEM
31181,MCX-EQ,MCX
11731,CONSOFINVT-EQ,CONSOFINVT
10588,SHREEPUSHK-EQ,SHREEPUSHK
638,SUULD-EQ,SUULD
2385,NAVNETEDUL-EQ,NAVNETEDUL
9678,SOUTHWEST-EQ,SOUTHWEST
13880,BANCOINDIA-EQ,BANCOINDIA
21428,TATSILV-EQ,TATSILV
1214,DELTAMAGNT-EQ,DELTAMAGNT
22243,EBBETF0425-EQ,EBBETF0425
4522,SIGIND-EQ,SIGIND
1168,GMBREW-EQ,GMBREW
13057,UNIPARTS-EQ,UNIPARTS
14518,ABSLLIQUID-EQ,ABSLLIQUID
2643,PFIZER-EQ,PFIZER
17933,BEARDSELL-EQ,BEARDSELL
5701,CUB-EQ,CUB
2043,RAMCOCEM-EQ,RAMCOCEM
11880,JSWHL-EQ,JSWHL
2783,JUBLINGREA-EQ,JUBLINGREA
29135,INDUSTOWER-EQ,INDUSTOWER
368,BASF-EQ,BASF
6792,SBC-EQ,SBC
3721,TATACOMM-EQ,TATACOMM
15083,ADANIPORTS-EQ,ADANIPORTS
144,GODREJAGRO-EQ,GODREJAGRO
426,BHARATGEAR-EQ,BHARATGEAR
4176,ZENITHEXPO-EQ,ZENITHEXPO
625,CENTURYTEX-EQ,CENTURYTEX
3772,WILLAMAGOR-EQ,WILLAMAGOR
11522,NIITLTD-EQ,NIITLTD
18921,VBL-EQ,VBL
3348,SUNFLAG-EQ,SUNFLAG
3507,MAFANG-EQ,MAFANG
14707,TIMETECHNO-EQ,TIMETECHNO
2912,RIIL-EQ,RIIL
19578,UGARSUGAR-EQ,UGARSUGAR
16777,SILVRETF-EQ,SILVRETF
14777,121NSETEST-EQ,121NSETEST
11957,IDFC-EQ,IDFC
2048,INDIGOPNTS-EQ,INDIGOPNTS
11403,POONAWALLA-EQ,POONAWALLA
11618,ASTRAMICRO-EQ,ASTRAMICRO
24948,L&TFH-EQ,L&TFH
21091,STARCEMENT-EQ,STARCEMENT
19761,ADFFOODS-EQ,ADFFOODS
4433,HITECHGEAR-EQ,HITECHGEAR
29423,MOHITIND-EQ,MOHITIND
20621,PENIND-EQ,PENIND
17702,MIDSELIETF-EQ,MIDSELIETF
7406,GLENMARK-EQ,GLENMARK
14982,CENTUM-EQ,CENTUM
11905,GENUSPOWER-EQ,GENUSPOWER
19543,HDFCGOLD-EQ,HDFCGOLD
13751,NAUKRI-EQ,NAUKRI
335,BALKRISIND-EQ,BALKRISIND
2489,ISEC-EQ,ISEC
2028,LYKALABS-EQ,LYKALABS
8529,GMRP&UI-EQ,GMRP&UI
896,KHAICHEM-EQ,KHAICHEM
19525,IITL-EQ,IITL
18431,BIGBLOC-EQ,BIGBLOC
2388,NELCO-EQ,NELCO
14599,GSLSU-EQ,GSLSU
24409,DHANUKA-EQ,DHANUKA
1110,DANGEE-EQ,DANGEE
2018,LUMAXIND-EQ,LUMAXIND
11804,SUKHJITS-EQ,SUKHJITS
23480,SINCLAIR-EQ,SINCLAIR
14977,POWERGRID-EQ,POWERGRID
13587,ACE-EQ,ACE
9741,PARADEEP-EQ,PARADEEP
2816,RALLIS-EQ,RALLIS
2513,BCLIND-EQ,BCLIND
17357,GKWLIMITED-EQ,GKWLIMITED
3363,SUPREMEIND-EQ,SUPREMEIND
2475,ONGC-EQ,ONGC
3417,HONAUT-EQ,HONAUT
1808,KAJARIACER-EQ,KAJARIACER
17181,NEXT50-EQ,NEXT50
13637,JMFINANCIL-EQ,JMFINANCIL
11919,MSPL-EQ,MSPL
8727,SHAILY-EQ,SHAILY
13620,ANANTRAJ-EQ,ANANTRAJ
24403,ASHIANA-EQ,ASHIANA
11699,PATELENG-EQ,PATELENG
18614,SAMHI-EQ,SAMHI
2031,M&M-EQ,M&M
1593,MGEL-EQ,MGEL
21334,JYOTICNC-EQ,JYOTICNC
8110,AWL-EQ,AWL
17010,GENSOL-EQ,GENSOL
2176,AKG-EQ,AKG
18110,VASCONEQ-EQ,VASCONEQ
6462,TECH-EQ,TECH
9685,TRIDENT-EQ,TRIDENT
347,BANARBEADS-EQ,BANARBEADS
235,AAKASH-EQ,AAKASH
17728,ASTEC-EQ,ASTEC
13491,JKLAKSHMI-EQ,JKLAKSHMI
13404,SUNTV-EQ,SUNTV
4201,SOMATEX-EQ,SOMATEX
11373,BIOCON-EQ,BIOCON
25088,ASAHISONG-EQ,ASAHISONG
1949,KSB-EQ,KSB
2606,LEMONTREE-EQ,LEMONTREE
3607,UNIVCABLES-EQ,UNIVCABLES
20261,IREDA-EQ,IREDA
19061,MANAPPURAM-EQ,MANAPPURAM
15039,CERA-EQ,CERA
1485,IFBIND-EQ,IFBIND
12603,PRECAM-EQ,PRECAM
14597,ALPHAGEO-EQ,ALPHAGEO
21119,KICL-EQ,KICL
31107,DBSTOCKBRO-EQ,DBSTOCKBRO
27037,TBZ-EQ,TBZ
21254,LOWVOLIETF-EQ,LOWVOLIETF
1186,GLAND-EQ,GLAND
29284,VMART-EQ,VMART
7560,UNITEDPOLY-EQ,UNITEDPOLY
8962,HARDWYN-EQ,HARDWYN
11394,ZOTA-EQ,ZOTA
3252,SPIC-EQ,SPIC
9819,HAVELLS-EQ,HAVELLS
18944,KINGFA-EQ,KINGFA
6218,SIKKO-EQ,SIKKO
6705,PAYTM-EQ,PAYTM
14732,DLF-EQ,DLF
5186,STYLAMIND-EQ,STYLAMIND
15017,MAANALU-EQ,MAANALU
20877,PSPPROJECT-EQ,PSPPROJECT
17957,MMTC-EQ,MMTC
16822,IKIO-EQ,IKIO
17625,MOLDTECH-EQ,MOLDTECH
312,TIINDIA-EQ,TIINDIA
8506,MID150BEES-EQ,MID150BEES
1507,MOGSEC-EQ,MOGSEC
5732,AXISCETF-EQ,AXISCETF
18977,UNIVASTU-EQ,UNIVASTU
14751,021NSETEST-EQ,021NSETEST
18208,ORIENTLTD-EQ,ORIENTLTD
2972,ORIENTELEC-EQ,ORIENTELEC
11260,HDFCVALUE-EQ,HDFCVALUE
14672,NAVINFLUOR-EQ,NAVINFLUOR
20607,INOXINDIA-EQ,INOXINDIA
1756,JINDALPOLY-EQ,JINDALPOLY
13197,GSPL-EQ,GSPL
20303,GANDHAR-EQ,GANDHAR
15295,VIRINCHI-EQ,VIRINCHI
5378,ASAHIINDIA-EQ,ASAHIINDIA
79,ALEMBICLTD-EQ,ALEMBICLTD
14537,DISHTV-EQ,DISHTV
11369,TTKHLTCARE-EQ,TTKHLTCARE
18727,MASKINVEST-EQ,MASKINVEST
910,EICHERMOT-EQ,EICHERMOT
13511,MUNJALAU-EQ,MUNJALAU
11386,PVTBANIETF-EQ,PVTBANIETF
14848,ALPA-EQ,ALPA
22675,CAPITALSFB-EQ,CAPITALSFB
10321,PKTEA-EQ,PKTEA
11809,IIFL-EQ,IIFL
11909,SWELECTES-EQ,SWELECTES
471,OSWALGREEN-EQ,OSWALGREEN
20182,ASHOKA-EQ,ASHOKA
10726,INDIAMART-EQ,INDIAMART
25392,PANAMAPET-EQ,PANAMAPET
12842,G1NSETEST-EQ,G1NSETEST
8657,DIL-EQ,DIL
25690,DSSL-EQ,DSSL
9428,SKIPPER-EQ,SKIPPER
17534,MGL-EQ,MGL
6006,COASTCORP-EQ,COASTCORP
7425,HECPROJECT-EQ,HECPROJECT
14299,PFC-EQ,PFC
16725,RPGLIFE-EQ,RPGLIFE
1922,KOTAKBANK-EQ,KOTAKBANK
9683,KPITTECH-EQ,KPITTECH
14612,SIMBHALS-EQ,SIMBHALS
11212,SHK-EQ,SHK
23650,MUTHOOTFIN-EQ,MUTHOOTFIN
13175,NITINSPIN-EQ,NITINSPIN
4963,ICICIBANK-EQ,ICICIBANK
1270,AMBUJACEM-EQ,AMBUJACEM
21726,MATRIMONY-EQ,MATRIMONY
2939,RUBYMILLS-EQ,RUBYMILLS
13376,UTTAMSUGAR-EQ,UTTAMSUGAR
14361,APOLLOPIPE-EQ,APOLLOPIPE
495,BLUEDART-EQ,BLUEDART
11895,DCXINDIA-EQ,DCXINDIA
11813,SHOPERSTOP-EQ,SHOPERSTOP
359,ROML-EQ,ROML
22524,NIF10GETF-EQ,NIF10GETF
15034,BAJAJELEC-EQ,BAJAJELEC
10990,RADICO-EQ,RADICO
14908,KDDL-EQ,KDDL
13814,KAMOPAINTS-EQ,KAMOPAINTS
9590,POLYCAB-EQ,POLYCAB
8341,CALSOFT-EQ,CALSOFT
1247,GSFC-EQ,GSFC
15124,KOLTEPATIL-EQ,KOLTEPATIL
8825,PRIVISCL-EQ,PRIVISCL
3126,SHREYANIND-EQ,SHREYANIND
18423,RATNAVEER-EQ,RATNAVEER
17613,SENSEXADD-EQ,SENSEXADD
13925,NFL-EQ,NFL
30089,ORIENTCEM-EQ,ORIENTCEM
11411,RKFORGE-EQ,RKFORGE
15129,RGL-EQ,RGL
14480,GOKULAGRO-EQ,GOKULAGRO
3570,UCAL-EQ,UCAL
12124,DOLATALGO-EQ,DOLATALGO
15330,QGOLDHALF-EQ,QGOLDHALF
17486,EXPLEOSOL-EQ,EXPLEOSOL
2909,RICOAUTO-EQ,RICOAUTO
1997,LICHSGFIN-EQ,LICHSGFIN
522,ICICIB22-EQ,ICICIB22
14922,PURVA-EQ,PURVA
9867,NEXTMEDIA-EQ,NEXTMEDIA
383,BEL-EQ,BEL
3963,GOCLCORP-EQ,GOCLCORP
1512,INDHOTEL-EQ,INDHOTEL
16913,ARTEMISMED-EQ,ARTEMISMED
15337,RAIN-EQ,RAIN
628,CESC-EQ,CESC
2421,NILKAMAL-EQ,NILKAMAL
9378,TRU-EQ,TRU
547,BRITANNIA-EQ,BRITANNIA
2963,SAIL-EQ,SAIL
10768,OAL-EQ,OAL
2107,STOVEKRAFT-EQ,STOVEKRAFT
15194,BURNPUR-EQ,BURNPUR
3275,TEMBO-EQ,TEMBO
1628,BECTORFOOD-EQ,BECTORFOOD
25328,APLLTD-EQ,APLLTD
27297,RTNINDIA-EQ,RTNINDIA
2955,KALYANKJIL-EQ,KALYANKJIL
14937,CIEINDIA-EQ,CIEINDIA
25178,TDPOWERSYS-EQ,TDPOWERSYS
7603,CMSINFO-EQ,CMSINFO
13162,CELEBRITY-EQ,CELEBRITY
13381,KKCL-EQ,KKCL
4391,GULFOILLUB-EQ,GULFOILLUB
18668,NAVINIFTY-EQ,NAVINIFTY
9539,SAKAR-EQ,SAKAR
18760,YATRA-EQ,YATRA
11301,LUXIND-EQ,LUXIND
8546,CHALET-EQ,CHALET
15209,PPAP-EQ,PPAP
4745,BANKINDIA-EQ,BANKINDIA
21339,STEELXIND-EQ,STEELXIND
11983,SASKEN-EQ,SASKEN
16933,INDBANK-EQ,INDBANK
18347,NIFMID150-EQ,NIFMID150
9889,SMARTLINK-EQ,SMARTLINK
16927,JOCIL-EQ,JOCIL
2868,HITECH-EQ,HITECH
5585,VIJAYA-EQ,VIJAYA
24265,ESTER-EQ,ESTER
634,IGARASHI-EQ,IGARASHI
14667,KMSUGAR-EQ,KMSUGAR
13688,ACLGATI-EQ,ACLGATI
1327,HCL-INSYS-EQ,HCL-INSYS
5622,ITDCEM-EQ,ITDCEM
19795,CELLO-EQ,CELLO
8311,BLUESTARCO-EQ,BLUESTARCO
17271,SENCO-EQ,SENCO
14304,FSL-EQ,FSL
916,EIDPARRY-EQ,EIDPARRY
10794,CANBK-EQ,CANBK
13211,JAGRAN-EQ,JAGRAN
11999,FCSSOFT-EQ,FCSSOFT
6943,TARSONS-EQ,TARSONS
9219,TPLPLASTEH-EQ,TPLPLASTEH
18268,AEROFLEX-EQ,AEROFLEX
10723,INFRAIETF-EQ,INFRAIETF
19686,BLUEJET-EQ,BLUEJET
4838,LIQUIDIETF-EQ,LIQUIDIETF
2350,NURECA-EQ,NURECA
18029,MBLINFRA-EQ,MBLINFRA
13457,KAMDHENU-EQ,KAMDHENU
21275,SUMMITSEC-EQ,SUMMITSEC
15409,NESCO-EQ,NESCO
1143,SDL24BEES-EQ,SDL24BEES
2716,BUTTERFLY-EQ,BUTTERFLY
15044,DELTACORP-EQ,DELTACORP
8652,VETO-EQ,VETO
15313,IRB-EQ,IRB
9014,ANUP-EQ,ANUP
6733,JINDALSTEL-EQ,JINDALSTEL
23127,SCILAL-EQ,SCILAL
3980,TNPL-EQ,TNPL
6062,LICNETFGSC-EQ,LICNETFGSC
4105,SILINV-EQ,SILINV
2307,MUNJALSHOW-EQ,MUNJALSHOW
11351,PETRONET-EQ,PETRONET
18365,PERSISTENT-EQ,PERSISTENT
14490,NCLIND-EQ,NCLIND
5114,SGIL-EQ,SGIL
3827,ZUARIIND-EQ,ZUARIIND
14086,IGPL-EQ,IGPL
2709,MTARTECH-EQ,MTARTECH
3837,TOKYOPLAST-EQ,TOKYOPLAST
15061,PSUBANK-EQ,PSUBANK
31163,RHIM-EQ,RHIM
3506,TITAN-EQ,TITAN
14778,131NSETEST-EQ,131NSETEST
19531,BAJAJCON-EQ,BAJAJCON
14139,SBGLP-EQ,SBGLP
1181,GODFRYPHLP-EQ,GODFRYPHLP
13305,CENTURYPLY-EQ,CENTURYPLY
13585,ATLANTAA-EQ,ATLANTAA
13982,JASH-EQ,JASH
16986,COUNCODOS-EQ,COUNCODOS
11860,JKPAPER-EQ,JKPAPER
14428,GOLDBEES-EQ,GOLDBEES
6908,VISHNU-EQ,VISHNU
6068,AIROLAM-EQ,AIROLAM
18566,RRKABEL-EQ,RRKABEL
3694,VINDHYATEL-EQ,VINDHYATEL
16658,SIGMA-EQ,SIGMA
7211,JETFREIGHT-EQ,JETFREIGHT
184,TCPLPACK-EQ,TCPLPACK
5279,ROLEXRINGS-EQ,ROLEXRINGS
1811,KAKATCEM-EQ,KAKATCEM
8797,OBCL-EQ,OBCL
2316,HEIDELBERG-EQ,HEIDELBERG
13251,SAKUMA-EQ,SAKUMA
6232,3IINFOLTD-EQ,3IINFOLTD
19783,MUFIN-EQ,MUFIN
17207,ITETFADD-EQ,ITETFADD
11223,UCOBANK-EQ,UCOBANK
8413,MIDCAPETF-EQ,MIDCAPETF
8806,SONAMLTD-EQ,SONAMLTD
6964,GOCOLORS-EQ,GOCOLORS
15414,TITAGARH-EQ,TITAGARH
4870,INDSWFTLAB-EQ,INDSWFTLAB
1023,FEDERALBNK-EQ,FEDERALBNK
15146,JYOTHYLAB-EQ,JYOTHYLAB
5382,EPIGRAL-EQ,EPIGRAL
14784,161NSETEST-EQ,161NSETEST
5407,CARTRADE-EQ,CARTRADE
2829,ANURAS-EQ,ANURAS
16639,KIRIINDUS-EQ,KIRIINDUS
31507,JPOLYINVST-EQ,JPOLYINVST
17152,MIDCAPIETF-EQ,MIDCAPIETF
15360,NAHARCAP-EQ,NAHARCAP
2029,IRFC-EQ,IRFC
14286,GOLDETF-EQ,GOLDETF
14255,REDINGTON-EQ,REDINGTON
13081,TRIVENI-EQ,TRIVENI
1134,APOLLO-EQ,APOLLO
6600,GENUSPAPER-EQ,GENUSPAPER
1672,HGINFRA-EQ,HGINFRA
3172,GILT5YBEES-EQ,GILT5YBEES
694,CIPLA-EQ,CIPLA
4491,JCHAC-EQ,JCHAC
20372,FLAIR-EQ,FLAIR
21314,DYNPRO-EQ,DYNPRO
2328,CPSEETF-EQ,CPSEETF
2004,AHLADA-EQ,AHLADA
6782,NIPPOBATRY-EQ,NIPPOBATRY
827,DEEPAKFERT-EQ,DEEPAKFERT
19631,PRICOLLTD-EQ,PRICOLLTD
4179,SUNDRMBRAK-EQ,SUNDRMBRAK
9599,DELHIVERY-EQ,DELHIVERY
10415,MUTHOOTCAP-EQ,MUTHOOTCAP
9902,AXITA-EQ,AXITA
25634,ESSARSHPNG-EQ,ESSARSHPNG
19800,WELINV-EQ,WELINV
270,CHEMCON-EQ,CHEMCON
13091,EKC-EQ,EKC
10690,NIFTYQLITY-EQ,NIFTYQLITY
419,BEPL-EQ,BEPL
1826,KAMATHOTEL-EQ,KAMATHOTEL
21840,DIAMONDYD-EQ,DIAMONDYD
14972,KSCL-EQ,KSCL
17795,TREL-EQ,TREL
1424,HINDZINC-EQ,HINDZINC
18571,GNA-EQ,GNA
7838,NETF-EQ,NETF
4422,INDIANCARD-EQ,INDIANCARD
14440,NAHARSPING-EQ,NAHARSPING
7411,NILASPACES-EQ,NILASPACES
6489,IRIS-EQ,IRIS
22649,PARKHOTELS-EQ,PARKHOTELS
13966,HBLPOWER-EQ,HBLPOWER
8840,USHAMART-EQ,USHAMART
981,EPL-EQ,EPL
13875,JINDRILL-EQ,JINDRILL
17424,GLOBUSSPR-EQ,GLOBUSSPR
29577,NIF100BEES-EQ,NIF100BEES
10666,PNB-EQ,PNB
11915,YESBANK-EQ,YESBANK
17358,UTKARSHBNK-EQ,UTKARSHBNK
1901,CUMMINSIND-EQ,CUMMINSIND
9422,SILVERTUC-EQ,SILVERTUC
2627,IT-EQ,IT
5578,AMIORG-EQ,AMIORG
14223,TIIL-EQ,TIIL
13776,GESHIP-EQ,GESHIP
18086,DBL-EQ,DBL
17094,CROMPTON-EQ,CROMPTON
7287,JTLIND-EQ,JTLIND
4934,IPL-EQ,IPL
7422,MONQ50-EQ,MONQ50
31837,SREEL-EQ,SREEL
8890,VERANDA-EQ,VERANDA
28859,PROZONER-EQ,PROZONER
2794,RSWM-EQ,RSWM
19277,EMAMIREAL-EQ,EMAMIREAL
1482,IFBAGRO-EQ,IFBAGRO
12000,FAZE3Q-EQ,FAZE3Q
16915,ZFCVINDIA-EQ,ZFCVINDIA
2859,RAYMOND-EQ,RAYMOND
20296,SHAH-EQ,SHAH
14485,THEMISMED-EQ,THEMISMED
9116,INDOAMIN-EQ,INDOAMIN
13745,GTLINFRA-EQ,GTLINFRA
9046,AGROPHOS-EQ,AGROPHOS
29008,TVSHLTD-EQ,TVSHLTD
11547,HDFCLOWVOL-EQ,HDFCLOWVOL
9750,ETHOSLTD-EQ,ETHOSLTD
13147,PVRINOX-EQ,PVRINOX
104,SHAREINDIA-EQ,SHAREINDIA
5394,MOL-EQ,MOL
5401,NGIL-EQ,NGIL
29553,NIFTYIETF-EQ,NIFTYIETF
17388,ADANIPOWER-EQ,ADANIPOWER
3138,HONDAPOWER-EQ,HONDAPOWER
595,CARBORUNIV-EQ,CARBORUNIV
11255,HDFCQUAL-EQ,HDFCQUAL
3813,ARIHANTCAP-EQ,ARIHANTCAP
4911,MADRASFERT-EQ,MADRASFERT
5108,KPIGREEN-EQ,KPIGREEN
25897,MINDACORP-EQ,MINDACORP
4481,AARTIDRUGS-EQ,AARTIDRUGS
21770,ICICIGI-EQ,ICICIGI
25684,JISLDVREQS-EQ,JISLDVREQS
3672,SOLARA-EQ,SOLARA
1675,ITI-EQ,ITI
6141,PANSARI-EQ,PANSARI
21478,UTINEXT50-EQ,UTINEXT50
13826,SOBHA-EQ,SOBHA
2181,BOSCHLTD-EQ,BOSCHLTD
3316,MODISONLTD-EQ,MODISONLTD
14702,NAGREEKEXP-EQ,NAGREEKEXP
12034,BASML-EQ,BASML
20854,HAPPYFORGE-EQ,HAPPYFORGE
11782,EVEREADY-EQ,EVEREADY
5068,SHEMAROO-EQ,SHEMAROO
25358,PGEL-EQ,PGEL
19126,KIOCL-EQ,KIOCL
24217,IVZINNIFTY-EQ,IVZINNIFTY
14150,BTML-EQ,BTML
2988,SANDESH-EQ,SANDESH
3387,SMLISUZU-EQ,SMLISUZU
12015,SATINDLTD-EQ,SATINDLTD
7361,SETFNIFBK-EQ,SETFNIFBK
18142,EMMBI-EQ,EMMBI
17140,IDEAFORGE-EQ,IDEAFORGE
926,ORCHPHARMA-EQ,ORCHPHARMA
8153,MEGASTAR-EQ,MEGASTAR
16682,PTCIL-EQ,PTCIL
10276,KAYA-EQ,KAYA
6596,SONATSOFTW-EQ,SONATSOFTW
14154,UNOMINDA-EQ,UNOMINDA
12578,FINIETF-EQ,FINIETF
29962,JUSTDIAL-EQ,JUSTDIAL
11975,RML-EQ,RML
4892,SAREGAMA-EQ,SAREGAMA
23446,171NSETEST-EQ,171NSETEST
6278,MEDICAMEQ-EQ,MEDICAMEQ
157,APOLLOHOSP-EQ,APOLLOHOSP
18755,KALAMANDIR-EQ,KALAMANDIR
15384,DHANI-EQ,DHANI
2799,CHEMFAB-EQ,CHEMFAB
6718,SAPPHIRE-EQ,SAPPHIRE
7083,STARHEALTH-EQ,STARHEALTH
3918,NATCOPHARM-EQ,NATCOPHARM
2664,PIDILITIND-EQ,PIDILITIND
19211,HMVL-EQ,HMVL
526,BPCL-EQ,BPCL
5373,DEVYANI-EQ,DEVYANI
3509,TNPETRO-EQ,TNPETRO
14198,TIMKEN-EQ,TIMKEN
13367,SGL-EQ,SGL
5948,SOUTHBANK-EQ,SOUTHBANK
2885,RELIANCE-EQ,RELIANCE
17808,QUAL30IETF-EQ,QUAL30IETF
1185,AMBER-EQ,AMBER
1375,HCC-EQ,HCC
10577,KRBL-EQ,KRBL
16395,MMP-EQ,MMP
5220,BFSI-EQ,BFSI
11027,INFOBEAN-EQ,INFOBEAN
17576,PVTBANKADD-EQ,PVTBANKADD
14435,JKTYRE-EQ,JKTYRE
10217,ADANIENSOL-EQ,ADANIENSOL
34,ADORWELD-EQ,ADORWELD
19233,AARTISURF-EQ,AARTISURF
857,DHAMPURSUG-EQ,DHAMPURSUG
17400,NHPC-EQ,NHPC
13290,BLKASHYAP-EQ,BLKASHYAP
18652,ICICIPRULI-EQ,ICICIPRULI
13598,SELAN-EQ,SELAN
13126,REPRO-EQ,REPRO
13801,SUTLEJTEX-EQ,SUTLEJTEX
15161,HITECHCORP-EQ,HITECHCORP
11864,PRIMESECU-EQ,PRIMESECU
21154,ERIS-EQ,ERIS
13218,SULA-EQ,SULA
2303,HAL-EQ,HAL
477,BIRLACABLE-EQ,BIRLACABLE
18131,YASHO-EQ,YASHO
18457,POWERINDIA-EQ,POWERINDIA
3078,SHANTIGEAR-EQ,SHANTIGEAR
18096,JUBLFOOD-EQ,JUBLFOOD
10871,GRMOVER-EQ,GRMOVER
23489,BHARTIHEXA-EQ,BHARTIHEXA
4986,IRCON-EQ,IRCON
1630,IONEXCHANG-EQ,IONEXCHANG
14769,091NSETEST-EQ,091NSETEST
18250,PYRAMID-EQ,PYRAMID
11723,JSWSTEEL-EQ,JSWSTEEL
18931,SUNDARAM-EQ,SUNDARAM
9552,RVNL-EQ,RVNL
24225,RELAXO-EQ,RELAXO
11530,EMIL-EQ,EMIL
3273,SRF-EQ,SRF
14712,HGS-EQ,HGS
9111,ARVINDFASN-EQ,ARVINDFASN
4525,DYNAMATECH-EQ,DYNAMATECH
10530,SHARDAMOTR-EQ,SHARDAMOTR
5265,GLS-EQ,GLS
10993,INDORAMA-EQ,INDORAMA
11262,IGL-EQ,IGL
17197,PAKKA-EQ,PAKKA
11596,LINCOLN-EQ,LINCOLN
9879,CHEVIOT-EQ,CHEVIOT
6944,GANECOS-EQ,GANECOS
3066,SESHAPAPER-EQ,SESHAPAPER
22832,SMALLCAP-EQ,SMALLCAP
2493,ORIENTHOT-EQ,ORIENTHOT
11439,BANKBEES-EQ,BANKBEES
23447,181NSETEST-EQ,181NSETEST
9581,METROPOLIS-EQ,METROPOLIS
11927,NECLIFE-EQ,NECLIFE
18553,JLHL-EQ,JLHL
13332,SOLARINDS-EQ,SOLARINDS
